{
  "base_model": "openai/gpt-oss-20b",
  "eaftreap": {
    "cc_quantile": 0.15,
    "entropy_topk": 20,
    "profile_top_k": 4,
    "uncertain_quantile": 0.85,
    "weights": {
      "conflict": -2.0,
      "good": 1.0,
      "uncertain": 0.25
    }
  },
  "general_dataset": {
    "dataset_id": "radna0/harmony-nemotron-cpu-artifacts",
    "dataset_split": "train",
    "text_column": "text"
  },
  "general_profile": {
    "domain": "",
    "h_hi": 0.495162558555603,
    "h_lo": 0.002893188246525822,
    "p_lo": 0.031156846974045017,
    "prompt_hash": "cf864bc1049989179d9db76f59c9ea1b90d6fd46aad6168afd33fea2c34c2aef",
    "region_counts": {
      "conflict": 16,
      "good": 2248,
      "uncertain": 12830
    }
  },
  "keep_experts_by_layer": {
    "general": [
      [
        25,
        19,
        13,
        3,
        14,
        23,
        0,
        9,
        30,
        24,
        1,
        15,
        31,
        16,
        5,
        4
      ],
      [
        6,
        11,
        12,
        10,
        1,
        16,
        18,
        28,
        27,
        29,
        8,
        0,
        23,
        20,
        13,
        24
      ],
      [
        20,
        30,
        28,
        0,
        17,
        10,
        3,
        23,
        8,
        27,
        2,
        29,
        5,
        22,
        15,
        26
      ],
      [
        21,
        22,
        12,
        2,
        19,
        31,
        13,
        10,
        23,
        18,
        3,
        5,
        29,
        28,
        9,
        20
      ],
      [
        27,
        6,
        18,
        28,
        12,
        1,
        30,
        13,
        19,
        24,
        14,
        0,
        3,
        31,
        23,
        4
      ],
      [
        15,
        8,
        0,
        2,
        14,
        30,
        11,
        4,
        17,
        6,
        31,
        18,
        29,
        25,
        3,
        9
      ],
      [
        15,
        2,
        4,
        8,
        11,
        25,
        20,
        5,
        26,
        14,
        29,
        30,
        16,
        24,
        31,
        10
      ],
      [
        0,
        16,
        18,
        4,
        30,
        5,
        3,
        24,
        23,
        20,
        10,
        12,
        21,
        1,
        28,
        17
      ],
      [
        20,
        2,
        21,
        4,
        18,
        8,
        31,
        27,
        7,
        15,
        19,
        3,
        24,
        30,
        12,
        26
      ],
      [
        3,
        15,
        4,
        31,
        30,
        28,
        0,
        16,
        18,
        5,
        2,
        10,
        14,
        21,
        25,
        24
      ],
      [
        0,
        16,
        6,
        25,
        15,
        19,
        27,
        10,
        26,
        5,
        20,
        13,
        12,
        1,
        18,
        31
      ],
      [
        22,
        12,
        18,
        1,
        29,
        30,
        7,
        25,
        13,
        20,
        9,
        26,
        17,
        15,
        31,
        0
      ],
      [
        6,
        15,
        5,
        0,
        14,
        8,
        19,
        1,
        23,
        25,
        21,
        7,
        12,
        30,
        10,
        26
      ],
      [
        31,
        10,
        1,
        14,
        24,
        9,
        6,
        26,
        17,
        25,
        8,
        30,
        19,
        28,
        22,
        20
      ],
      [
        22,
        3,
        30,
        25,
        26,
        12,
        15,
        10,
        0,
        19,
        4,
        31,
        7,
        9,
        28,
        16
      ],
      [
        14,
        10,
        18,
        29,
        24,
        25,
        1,
        9,
        26,
        31,
        27,
        6,
        7,
        13,
        20,
        23
      ],
      [
        22,
        18,
        28,
        26,
        30,
        7,
        21,
        31,
        16,
        6,
        1,
        12,
        11,
        13,
        17,
        4
      ],
      [
        12,
        30,
        26,
        29,
        25,
        10,
        4,
        2,
        9,
        14,
        19,
        8,
        5,
        7,
        11,
        15
      ],
      [
        30,
        7,
        12,
        5,
        24,
        28,
        15,
        27,
        23,
        29,
        10,
        8,
        19,
        26,
        13,
        6
      ],
      [
        8,
        6,
        17,
        27,
        15,
        3,
        4,
        18,
        31,
        22,
        24,
        30,
        13,
        0,
        29,
        20
      ],
      [
        5,
        23,
        3,
        22,
        12,
        24,
        8,
        11,
        7,
        20,
        16,
        10,
        14,
        2,
        30,
        26
      ],
      [
        11,
        6,
        17,
        14,
        28,
        10,
        4,
        30,
        18,
        23,
        25,
        1,
        0,
        19,
        2,
        29
      ],
      [
        13,
        5,
        26,
        27,
        20,
        28,
        14,
        4,
        18,
        3,
        11,
        22,
        17,
        15,
        1,
        16
      ],
      [
        26,
        29,
        11,
        2,
        16,
        6,
        23,
        14,
        20,
        13,
        19,
        27,
        24,
        0,
        28,
        8
      ]
    ],